Introduction, Address, RSS feed, tags
Alili丶前端大爆炸, https://alili.tech, https://alili.tech/index.xml, 编程; 前端
Ric's Blog, https://www.lichong.work, https://www.lichong.work/atom.xml, 编程; 架构; 设计; 算法
朽儿, https://xiuer.medium.com, https://xiuer.medium.com/feed, 编程; 前端; 游戏
吕大卫的官方网站, https://lvdawei.com, , 编程
MouT.me, https://mout.me, https://ghost.mout.me/rss/, 编程
idea's blog, http://www.ideawu.net/blog, http://www.ideawu.net/blog/feed, 编程
余果的博客, https://yuguo.us, http://feeds.feedburner.com/yuguo, 编程; 产品
EGOIST 博客, https://egoist.proselog.com/, , 编程; 前端; 开源
冰山一角, https://cnberg.com, , 编程; 旅行; 摄影
Halfrost's Field, https://halfrost.com/, http://halfrost.com/rss/, 编程
阿毛的蛋疼地, https://xiangwangfeng.com/, https://xiangwangfeng.com/atom.xml, 编程; 开源
Matrix67: The Aha Moments, http://www.matrix67.com/blog/, http://www.matrix67.com/blog/feed, 数学; 编程
见字如面, https://hiwannz.com, https://hiwannz.com/feed, 产品; 思考; 生活
追风之影, https://www.devashen.com, https://www.devashen.com/atom.xml, 编程; iOS; 随笔
FlyingSky's Blog, https://blog.fsky7.com/, https://blog.fsky7.com/feed, 编程; 随笔
己羊的梦, https://www.jiyang00.cn/, https://www.jiyang00.cn/atom.xml, 文学; 小说
Xiaoi's Blog, https://blog.xiaoi.me/, https://blog.xiaoi.me/feed.xml, 编程; 技术教程
Drcus-迪卡, https://yazhen.me, , Gatsby; 生活; 记录; 前端
悬铃木, https://blog.hbsun.top/, , 算法; 编程; 后台开发
WEB VIEW, https://webview.tech/, https://webview.tech/category/blog/feed/, 泛科技; 思考; 播客
自学路漫漫, https://blog.fxcdev.com, https://blog.fxcdev.com/atom.xml, 编程; 生活
杂货屋, https://sword.studio/, https://sword.studio/feed/, 技术; 分享; 记录
不才's blog, https://www.notbucai.com/, , 编程; 前端; 生活
沐凉, https://blog.lacia.cn, https://blog.lacia.cn/atom.xml, 编程; Java
崎径 其镜赵安琪的博客, http://www.z16388.top/, http://www.z16388.top/atom.xml, 编程; 游戏; 音乐
加菲猫的创客工坊, https://gaficat.com, https://gaficat.com/atom.xml, 电子DIY; 物联网; 生活; 技术教程; 钢琴; 网络安全
小明明s à domicile, https://www.dongwm.com/, https://www.dongwm.com/atom.xml, 编程; Python; k8s; 随笔
沈维燕的个人博客, https://shen.bioitee.com, , 生物信息学; IT; 编程
CallMeSoul, https://callmesoul.cn, https://callmesoul.cn/rss.xml, 编程; 前端
Michael翔, https://michael728.github.io/, https://michael728.github.io/atom.xml, 编程; DevOps; 随笔
开发者小蓝, https://lanhao.name/, , 编程
橙光笔记, https://www.kai666666.top/, https://www.kai666666.top/atom.xml, 编程; 前端; 笔记; 运动
薛定喵君的博客, http://blog.xuedingmiao.com/, , 编程; 前端; 产品; 笔记
爪哇堂, https://www.javatang.com/, https://www.javatang.com/feed, 编程; 笔记
顾宇的研习笔记, https://www.guyu.me/posts/, https://www.guyu.me/posts/index.xml, 编程; 微服务; DevOps; 研发效能; 研发体系; 云计算
shingle's blog, https://shingle.me/, https://shingle.me/index.xml, 技术; 随笔
TCPGNL, https://tcpgnl.com/, https://tcpgnl.com/feed/, 认知; 编程; 随想; 生活; 思考
shwei's blog, http://weisenhui.top/, http://weisenhui.top/atom.xml, 编程; 算法; 思考
ryank231231.blog, https://ryank231231.top, https://ryank231231.top/feed/, 生活; 随笔; 编程
逸文笔记EvenNotes, https://www.evennotes.cn/, https://www.evennotes.cn/atom.xml, 时政; 哲学; 历史
桑河一榆, https://justpic.org/, https://justpic.org/index.xml, 代码; 工具; 阅读; 文章
老张说思路, https://www.aceact.com, https://www.aceact.com/feed/, 项目管理
Ray's Blog, https://blog.mk1.io, https://blog.mk1.io/api/feed, 编程; Web
ZedeX, https://zedex.cn, https://zedex.cn/feed, 产品; 科技; 生活
Gavin notes, https://blog.gavln.com, https://blog.gavln.com/atom.xml, 技术; 随笔
骁之屋 - 孙天骁的随身记录个人网站, https://www.ybusad.com, https://www.ybusad.com/rss, 生活; 随记; 技术; 思考
PlayerCatboy, https://ralf.ren, https://ralf.ren/feed, 编程; 折腾; 创造
甜欣屋, https://www.tcxx.info/, https://tcxx.info/feed, 美国生活; 技术; 人工智能
HappyHack, https://blog.happyhack.io, https://blog.happyhack.io/atom.xml, 编程; 生活; 云原生; Hack
不点语书, https://yjalifebook.com/, https://yjalifebook.com/feed/, 这里是不点语书，一块「思考」的自留地。
zu1k, https://zu1k.com/, https://zu1k.com/rss.xml, 编程; 网安; 思考
Jalen, https://jalenz.cn/, https://jalenz.cn/atom.xml, 算法; 生活; 折腾
杨永康的个人博客, https://blog.yangyk.com/, https://blog.yangyk.com/feed.xml, 编程; 随笔
人生這部戲, https://www.frank.hk/, https://www.frank.hk/rss.xml, 生活; 思考; 閱讀; 旅行; 技術
Ngzhio's Blog, https://ngzhio.github.io/, https://ngzhio.github.io/feed.xml, 编程; 生活; 文学; 数学; 物理; 笔记
ephz3nt, https://painso.com, https://painso.com/posts/index.xml, 随想; 运维; 学习
徐宜生, https://xuyisheng.top, https://xuyisheng.top/rss/, 工作; 编程; 技术
懒得勤快的博客, https://masuit.com, https://masuit.com/rss, 绿色软件; .net; 资源分享
极客中心, https://www.geekzl.com, https://www.geekzl.com/feed, 编程; 技术; SEO; 教程; dotnet; python
陈少文的博客, https://www.chenshaowen.com/blog/, https://www.chenshaowen.com/atom.xml, 编程; 笔记
一切皆有可能, https://kubesphereio.com/, https://kubesphereio.com/tags/index.xml, 学习; K8s; 运维
堆栈酒馆, https://atticuslab.com, https://atticuslab.com/atom.xml, 编程; 后端; 笔记
DLog - 李丁的博客, https://dingzeyu.li/blog/, https://dingzeyu.li/blog/feed.xml, 研究; 技术; 分享; 商业模式; 思考
winter's Blog, https://blog.winterchen.com, https://blog.winterchen.com/atom.xml, 编程; 摄影
小碎银, https://xiaosuiyin.com, , 分享编程经验; 好的网站，软件
墨守, https://moshou.me, https://moshou.me/?feed=rss2, 创业; Apple; 随笔
翻译动态, https://fanyi.news/, https://fanyi.news/feed.xml, 翻译; 本地化; 行业动态
没喝的, https://blog.nodr.ink/, https://blog.nodr.ink/atom.xml, 编程; 随笔; 学习; 读书
苍穹の下, https://www.blueskyxn.com, https://www.blueskyxn.com/feed/, 技术; Linux; 生活; 网络; 计算机; 二次元
明远的自留地, https://blog.mayandev.top, https://blog.mayandev.top/atom.xml, 技术; 前端; 生活; 互联网
Lucas's Blog, http://kevinnan.org.cn/, http://kevinnan.org.cn/feed, 编程; 算法; 音视频开发; 服务器开发
二只老虎, https://2hu.net, https://2hu.net/feed.xml, 互联网; 随笔; 学习; 资源
高原石博客, https://www.gaoyuanshi.com, https://www.gaoyuanshi.com/?feed=rss2, 旅行; 摄影; 英语; 留学
侯爷的博客, https://houye.xyz, https://houye.xyz/atom.xml, 记录; 分享
本格异想录, https://astrianzheng.cn/, https://astrianzheng.cn/atom.xml, 随笔; 生活; 随想
述尔 - 一个产品经理的碎碎念, https://amore.ink, https://amore.ink/feed/, 产品经理; 随笔; 生活; 读书笔记
灵感电台 - Jack's art hobby habitat, http://museradio.net/, http://museradio.net/atom.xml,
Shiau, https://shiau.xyz, https://shiau.xyz/atom.xml, 产品; 设计; SwiftUI
Zikin的独立博客, https://zikin.org, , 生活; 折腾; 笔记
不如吃茶去, https://imhan.cn/, https://imhan.cn/feed.xml, 编程; 随笔; 生活
ChenYFanのBlog, https://blog.cyfan.top, https://blog.cyfan.top/atom.xml, 编程; 技术; 分享; 记录
hiDandelion's Space, https://www.hidandelion.com, https://www.hidandelion.com/rss, 编程; 物理; 笔记; 生活
Amphibia, https://iaarwu.github.io/, https://iaarwu.github.io/index.xml, Programming; 想法
阿航的技术小站, https://www.bugcatt.com/, https://www.bugcatt.com/feed, 编程
LitStronger's notes, https://liaoyq.club/, http://fetchrss.com/rss/60e1767cf877a4023a2caee260e176387504cf483957bf43.xml, 前端笔记，生活
Lss233's.Blog();, https://blog.lss233.com/, https://blog.lss233.com/rss/, 编程; 技术; 笔记; 生活
Java for You, http://java4u.cn/, https://java4u.cn/feed, 编程; 后端; 技术; Java
偕臧的小站, https://ifmet.cn/, https://ifmet.cn/atom.xml, 编程; 生活; 思考
3号实验室, https://www.labno3.com/, https://www.labno3.com/feed/, 树莓派; 开发板; 编程; 折腾
胡子的独立博客, https://www.huzizi.com/, https://huzizi.com/feed/, 普拉提; 健身; 生活; 旅行; 程序员
Simple code Simple life, https://blog.halberd.cn/, https://blog.halberd.cn/rss.xml, 前端; 编程; 计算机; 生活记录
Rainshaw's Blog, https://blog.ruixiaolu.com/, https://blog.ruixiaolu.com/feed/, 编程; 随想; 安全
Marwin's Blog, https://marwin.cn/, https://marwin.cn/rss2.xml, 编程; 数码
火喵日记本, https://cat.dorcandy.cn/, https://cat.dorcandy.cn/feed, 生活; 日常; 编程; 笔记
张浩在路上, https://imzhanghao.com/, https://imzhanghao.com/atom.xml, 机器学习; 计算广告; 推荐系统; 技术变现
nojsja'个人博客, https://nojsja.github.io/blogs/, https://nojsja.github.io/blogs/atom.xml, 编程; 技术; 前端; Linux
hqingLau的博客, https://orzlinux.cn, https://orzlinux.cn/index.html, 编程; 后端; Linux; Bug
风雨雷电堂, https://www.linchangyu.com, https://www.linchangyu.com/feed.xml, 极客; 编程; UX
蓝星回忆录, https://lxhyl.cn, , 编程; 前端; 记录
闲趣日评, https://xqrp.com, https://xqrp.com/feed, 生活; 笔记; 分享
当代写作仓库, https://zuopin.jingluole.com/, https://zuopin.jingluole.com/feed, 纯文学; 写作; 小说; 诗歌; 随笔
ypingcn's blog, https://blog.ypingcn.com/, https://blog.ypingcn.com/feed.xml, 技术; 生活; 分享; 火狐; 投资
千古壹号, https://www.qianguyihao.com, https://qianguyihao.com/atom.xml, 前端; 读书笔记; 产品思考; 软件工具; 具体生活
jtr109's Castle, https://jtr109.com, https://www.jtr109.com/index.xml, 编程; 随笔
冰以东的博客, https://bninecoding.com/, https://bninecoding.com/atom.xml, iOS; 编程; 职场; 产品观; 技术方案
zjun's blog, https://blog.zjun.info/, https://blog.zjun.info/rss.xml, 安全; 笔记
禅房花木, https://jdqiong.cn/, https://jdqiong.cn/rss.xml, 编程; 生活; 创作
BlogKe记录志, https://blogke.cn/index.html, https://blogke.cn/index.xml, 笔记; 想法
让我们一起发现西西里岛, https://mattia88.com/, https://mattia88.com/feed/, 西西里人; 西西里旅游
飞翔沫沫情博客, https://fxkjnj.com, https://www.fxkjnj.com/feed/, 科技; 运维; 随笔
帆域 - 帆帆的个人站, https://www.fancraft.top, https://www.fancraft.top/feed/, 学业; 编程; 兴趣; 随笔
Jieran233's Blog, https://jieran233.github.io/, https://jieran233.github.io/feed.xml, 编程; 随笔; 记录
Sc's 神奇的JavaWeb, https://shicheng.cool, https://shicheng.cool/atom.xml, Java; SSM; Linux; 前后端
MegaMU个人站, https://megamu.icu/, https://megamu.icu/feed.xml, 编程; 生活; 校园; 技术
yonniye's blog, https://yonniye.com, https://yonniye.com/feed, 编程; 地信; Python; 随笔; 生活
聆风Reviosky博客, https://blog.reviosky.com, , 前端; 开发; 生活
iamtsm博客, https://blog.iamtsm.cn, , 编程; 全栈; 记录
Starfury, http://starfury.tech/, http://starfury.tech/feed, 技术; 架构; 生活
Yongchin's Blog, https://yongchin.xyz, , 生活随笔; 技术
jujimeizuo's Blog, http://www.jujimeizuo.cn/blog/, , 编程; 随笔; 技术; 课程
我有点酷-HuntZou的博客, https://blog.woyou.cool, https://blog.woyou.cool/feed, 技术; 随笔; whim
星空下的YZY, https://www.226yzy.com, https://www.226yzy.com/atom.xml, 编程; 学习; 随笔; 生活
冰雪殇璃陌梦の小站, https://www.dreamofice.cn, https://www.dreamofice.cn/atom.xml, 编程; 随笔; 技术; 二次元; 生活
Bright LGM's Blog, https://brightliao.com, https://brightliao.com/atom.xml, 技术; 数据; 智能
Angin, https://zilinn.wang, , 编程; 随笔; 技术
杨宝强的技术笔记, https://bqyang.top/, https://bqyang.top/atom.xml, 编程; Golang; 生活; 随笔; 技术
DAVID'S BLOG, https://blog.blahaj.uk/, https://blog.blahaj.uk/feed, 生活; 随笔; 影评; 作品集
楚天乐的小站, http://blog.shyclouds.net/, http://blog.shyclouds.net/feed/, 编程
胡正, http://www.huzheng.org/, , 编程; 佛教
无章, https://hetaoblog.site/, https://hetaoblog.site/atom.xml, 编程; 随笔; 思考; 技术
洛雪のCat, https://blog.sayhi.moe, https://blog.sayhi.moe/index.php/feed/, 校园; 生活; 随笔; 二次元; 日常
小冷-瞎逼逼, https://littlecold.cn/, , 生活; 建站
BinGo‘s Blog, https://www.zh996.com/, https://www.zh996.com/index.php/feed/, 编程; Java; 分享; 生活
cserwen, https://blog.cserwen.com/, https://blog.cserwen.com/feed.xml, 学习; 技术; 生活; 日常
一派胡言, https://yipai.me, https://yipai.me/feed, 胡一派; 随笔; 不折腾
SuperEggs, https://www.supereggs.cn, https://www.supereggs.cn/index.xml, 编程; 阅读; 生活随笔
Eren Zhao, https://zhaochenyang20.github.io/, https://zhaochenyang20.github.io/atom.xml, 日记; 深度学习
Wriprin's Blog, https://blog.cnix.cc, https://blog.cnix.cc/index.php/feed, SAP; 编程; 技术分享; 日常
子来园, https://simplecoding.fun/, https://simplecoding.fun/index.xml, 编译器; 芯片; AI; 软件工程; 写作; 人文
Ligdyu Blog, https://ligdy.com/, https://ligdy.com/rss/feed.xml, 编程; 技术分享; 日记; 随笔; 学习; 前端
Tony Bai, https://tonybai.com/, http://feed.tonybai.com/, 编程; Golang; GO
吐司面包, https://toast.pub/totoro/, https://toast.pub/totoro/index.xml, 技术; 生活
vegetable1024的博客, https://oi-liu.com/, https://oi-liu.com/atom.xml, 算法竞赛; 技术; 随笔
心的道理, https://stephenleng.com/, https://stephenleng.com/feed/, 随笔; 文化批评; 心理学; 国际问题; 技术
Kris Yan, https://blog.krisyan.dev/, https://blog.krisyan.dev/feed.xml, 技术; 随笔; 生活; 日常
Cerallin's blog, https://notes.cerallin.top, https://notes.cerallin.top/atom.xml, 编程; 笔记本
Magren's Blog, https://magren.me/, https://magren.me/atom.xml, 编程; 前端; 随笔; 生活
宁鑫的个人博客, https://n-xin.com, https://n-xin.com/index.php/feed/, JAVA; 学习; 工作日志
夕泥, https://www.xinies.cn/, , 编程; 前端; WEB; 全栈
文明, http://home.cse.ust.hk/~zjiangaj/blog/, , 随笔; 音乐; 语言; 技术
growdu, https://growdu.gitee.io/dblog/, , 编程
obaby@mars, http://nai.dog, https://h4ck.org.cn/feed/, 生活; 编程; 硬件; 人工智能
醉里博客, https://202271.xyz/, https://202271.xyz/atom.xml, 生活; 学习; 编程; 技术
RBA的技术分享, https://firfor.cn, https://www.firfor.cn/rss.xml, JAVA; JVM; HotSpot; 虚拟机; 编程; 学习; 思考
黑川眠也的猫窝, https://nekow.cn/, https://www.nekow.cn/index.php/feed/, 生活; 个人成长; 折腾; 学习; 游戏; 写作
mikaelzero, https://xrandroid.com/, https://xrandroid.com/atom.xml, VR; Android Framework
AlexSJC 的博客, https://blog.c3c.one/, https://blog.c3c.one/feed, 笔记; 技术; 学习; 随笔
这里是L, https://liuuzaki.net, https://liuuzaki.net/feed, CG美术; 哲学; 社会; 各种杂学
良说, https://xijingxu.blog, https://xijingxu.blog/atom.xml, 设计; 艺术; 食物; 手工; 创作; 调研; 记录
Mrsecond's blog, https://mrsecond.cn/, , C++; 深度学习; 笔记
秋雨 De Blog, https://www.fallrain.cn/, , 编程; 后端; 技术; 分享
時間豆, http://halo.zfc.life/, http://halo.zfc.life/archives/5152aea5-c2e8-4717-8bba-2263d46e19d5, 笔记; 生活; 随想
十二的编程笔记, https://blog.twelveeee.top/, https://blog.twelveeee.top/rss.xml, 笔记; 技术; 生活
Ryan' Lab, https://blog.gaoran.xyz/, https://blog.gaoran.xyz/rss/feed.xml, 产品; 评测; AIGC; 生活; 技巧
小杜的技术博客, http://www.xiaodu0.com/, , 编程; 资源; 随笔
叹世界, https://www.hauhau.cn, https://www.hauhau.cn/feed.xml, 编程; 开源
农码生涯 无酒无花, https://www.nicrosoft.net/, https://nicrosoft.net/blog/feed/, 编程; 生活
时空之歌, https://space520.eu.org/, https://space520.eu.org/feed/, 生活; 编程
8ug.icu, https://www.8ug.icu, https://www.8ug.icu/rss.xml, 编程; 技术; 开源软件
小橡树指北, https://blog.growingoak.top/, , 读书笔记; Affiliate Marketing; Google SEO; 终身学习; WordPress 建站; 网站推荐
唱诗班, https://changshiban.com/, https://changshiban.com/index.xml, 生活方式; 哲学宗教; 历史人文; 财富幸福
纸灯的博客, https://qingmingzong.cn/, https://qingmingzong.cn/index.php/feed/, 游戏; 日常; 编程; 杂谈
I BCL., https://ibcl.us/, https://ibcl.us/atom.xml, 技术; 编程; Linux; 前后端; 电子; 硬件; 无线电
码农小易的博客, https://0xlau.dev/, https://0xlau.dev/posts/index.xml, 编程; 随笔; 技术; 逆向; 生活; 安全
大熊要飞翔, https://blog.wexiami.com, https://blog.wexiami.com/feed, 生活; 成长; 技术
Dallas Lu, https://dallas.lu, https://dallas.lu/feed, 编程; 网络
烧烤的小站, https://verlif.top, , 编程; 吐槽; Java
Tevin Zhang, https://tevinzhang.com/zh/, https://tevinzhang.com/zh/feed.xml, 数字化生活; 数据自主; 数字资产; 生产力工具; 经验分享; 随笔
喻灵的博客, https://yvling.cn/, https://yvling.cn/rss, 网络安全; 技术